{
  "leftEye": {
    "ellipseMinorAxis": 0.24494899809360505,
    "ellipseMajorAxis": 0.3099985122680664,
    "screenForward": {
      "x": 0.4345738887786865,
      "y": -0.38157889246940615,
      "z": 0.8158082365989685
    },
    "screenPosition": {
      "x": -0.07305034250020981,
      "y": -0.010616595856845379,
      "z": 0.022991491481661798
    },
    "eyePosition": {
      "x": -0.0300484336912632,
      "y": -0.017349394038319589,
      "z": 0.0022060188930481674
    },
    "eyeRotation": {
      "x": 7.395533370627759e-32,
      "y": 1.7763568394002506e-15,
      "z": 1.1241009818395605e-14,
      "w": 1.0
    },
    "cameraProjection": {
      "x": -0.699999988079071,
      "y": 0.699999988079071,
      "z": 0.30000001192092898,
      "w": -1.399999976158142
    },
    "sphereToWorldSpace": {
      "e00": 0.05101080238819122,
      "e01": 0.06071346998214722,
      "e02": 0.29330453276634219,
      "e03": -0.115996353328228,
      "e10": 0.0,
      "e11": 0.23695310950279237,
      "e12": -0.07855913043022156,
      "e13": 0.021961955353617669,
      "e20": -0.23957861959934236,
      "e21": 0.012927045114338398,
      "e22": 0.062450066208839419,
      "e23": -0.05203725025057793,
      "e30": 0.0,
      "e31": 0.0,
      "e32": 0.0,
      "e33": 1.0
    },
    "worldToScreenSpace": {
      "e00": 3.3562119007110597,
      "e01": 13.988983154296875,
      "e02": 4.755258560180664,
      "e03": 0.28435736894607546,
      "e10": -14.696487426757813,
      "e11": 0.7461270093917847,
      "e12": 8.177674293518067,
      "e13": -1.2536791563034058,
      "e20": 0.43457382917404177,
      "e21": -0.3815789222717285,
      "e22": 0.8158082365989685,
      "e23": 0.008938049897551537,
      "e30": 0.0,
      "e31": 0.0,
      "e32": 0.0,
      "e33": 1.0
    }
  },
  "rightEye": {
    "ellipseMinorAxis": 0.24494899809360505,
    "ellipseMajorAxis": 0.3099985122680664,
    "screenForward": {
      "x": -0.4173985421657562,
      "y": -0.4092055857181549,
      "z": 0.8113749027252197
    },
    "screenPosition": {
      "x": 0.07397542893886566,
      "y": -0.007551469840109348,
      "z": 0.02305927500128746
    },
    "eyePosition": {
      "x": 0.0300484336912632,
      "y": -0.017349394038319589,
      "z": 0.0022060188930481674
    },
    "eyeRotation": {
      "x": 7.395533370627759e-32,
      "y": 1.7763568394002506e-15,
      "z": 1.1241009818395605e-14,
      "w": 1.0
    },
    "cameraProjection": {
      "x": -0.699999988079071,
      "y": 0.699999988079071,
      "z": 0.30000001192092898,
      "w": -1.399999976158142
    },
    "sphereToWorldSpace": {
      "e00": 0.05101081356406212,
      "e01": -0.060713451355695727,
      "e02": -0.29330453276634219,
      "e03": 0.11725961416959763,
      "e10": 0.0,
      "e11": 0.23695312440395356,
      "e12": -0.07855910062789917,
      "e13": 0.02794540859758854,
      "e20": 0.23957861959934236,
      "e21": 0.0129270413890481,
      "e22": 0.062450066208839419,
      "e23": -0.05056241527199745,
      "e30": 0.0,
      "e31": 0.0,
      "e32": 0.0,
      "e33": 1.0
    },
    "worldToScreenSpace": {
      "e00": -3.0423450469970705,
      "e01": 13.823258399963379,
      "e02": 5.406483173370361,
      "e03": 0.2047751247882843,
      "e10": -14.920235633850098,
      "e11": -0.23536017537117005,
      "e12": -7.7941718101501469,
      "e13": 1.2816815376281739,
      "e20": -0.417398601770401,
      "e21": -0.4092056453227997,
      "e22": 0.811374843120575,
      "e23": 0.009077421389520169,
      "e30": 0.0,
      "e31": 0.0,
      "e32": 0.0,
      "e33": 1.0
    }
  },
  "leapTracker": {
    "name": "Leap Provider",
    "serial": "",
    "localPose": {
      "position": {
        "x": 0.0,
        "y": 0.009540372528135777,
        "z": 0.05889090895652771
      },
      "rotation": {
        "x": -0.27025458216667178,
        "y": 0.0022327147889882328,
        "z": -0.0006267242133617401,
        "w": -0.9627861380577087
      }
    }
  }
}